device_id,ts,notes,date,job
410DF5,1637115012,Big John did the job. ,1637114969,Curtains
412222,1655199000, ,1655026170,Mould Spray-Curtains
412222,1655199012, ,1647246602,Ceiling Insulation-Wall Insulation
412224,1637115012,Big John did the job. ,1637114969,Curtains
414207,1637115012,Big John did the job. ,1637114969,Curtains
4168EF,1654821421,vbvczvzvfdsafdsaf,1654821389,Advice
4168EF,1654821439, ,1654821424,Windows/Doors-Heating
C000037,1637115012,Big John did the job. ,1637114969,Curtains
C000046,1637115012,Big John did the job. ,1637114969,Curtains
W000002,1637115012,Big John did the job. ,1637114969,Curtains
W000004,1637115012,Big John did the job. ,1637114969,Curtains
W000008,1637115012,Big John did the job. ,1637114969,Curtains
W000009,1653513015,test job,1653426594,Advice-Mould Spray-Curtains
W000012,1637115012,Big John did the job. ,1637114969,Curtains
